recipe_slug	score_bound
falafel	2.3739896875380406
spamburger	2.8703136655377723
bacon-fried-rice	2.865323409769407
chicken-fingers	2.5838496191216125
apple-crisp	1.8820108253275147
cranberry-apple-crisp	1.8108616074299517
bacon-chocolate-chip-cookies	2.4236906529966884
sujebi	2.464234255376979
pasta-primavera	2.4376801179343137
ramen	2.8812894927767925
brownies	2.34950792286749
bacon-wrapped-scallops	2.6410097524010236
bacon-egg-muffins	2.6463821497323514
breakfast-burritos	2.8030929827305058
bolognese-sauce	2.681171835102323
croissants	2.4212465832111256
bacon-souffle	2.2996567080593655
souffle	2.359908341623439
chocolate-souffle	1.7202201859214887
butter-croissants	2.122127637007517
pickled-green-beans	1.9150337250721543
fried-oysters	2.550764488427214
peanut-butter-brownies	2.0955479098622067
almond-chip-cookies	2.1998030738600987
guacamole	2.7451172540914657
brioche-bread	2.6149834737570865
brioche-bread-with-chocolate	2.1510068880130655
asparagus-quiche	2.6202086914208818
asparagus-burger	2.5593637824012836
ma-la-chicken	2.7796912289471907
cold-noodles-with-tomatoes	2.3921843013913273
tamales	2.6608139766491257
enchiladas	2.6804579530724277
tacos	2.7548525755304305
burritos	2.63001861536198
peanut-butter-cupcakes	1.8581426345529897
pickled-asparagus	2.2333673927199635
chocolate-peanut-butter-cake	2.0820714696059968
udon	2.359568821673726
vegetable-lasagna	2.292276821442432
maple-bacon-donuts	2.5188733107348424
maple-bacon-pancakes	2.4638867759219956
spinach-and-ricotta-stuffed-shells	2.3412294223694428
quesadillas	2.773763390731752
pico-de-gallo	2.5212044548824455
nachos	2.6303879107907657
cold-soba-noodles-with-tomato-and-cucumber	2.2683165540680665
fajitas	2.813311096618272
loaded-nachos	2.718707613224975
lasagna	2.5105260398760594
chicken-nuggets	2.63018886438123
pain-au-chocolat	2.480746452117217
nacho-dip	2.640216062730202
nacho-salad	2.747044656643395
nacho-casserole	2.7020775993039483
nacho-fries	2.828196884499848
tempura-udon	2.560999273049853
peach-crisp	2.1900488488218297
apple-pie	1.8692877492941682
blueberry-crisp	2.0856397184332867
berry-crumble	1.9490819337082683
strawberry-rhubarb-crisp	2.333150363715564
peach-cobbler	2.225233574428011
cranberry-sauce	1.8235902218932982
cherry-cobbler	2.1137245190472056
apple-crumble	1.9026833654750686
chocolate-croissants	2.229069221639497
french-toast	2.3320824882944913
chocolate-babka	2.3589779846275145
cinnamon-babka	2.116562112406507
blueberry-crumble	2.036493588215612
spam-musubi	2.36834720528261
taco-salad	2.6201346489458768
chiles-rellenos	2.7112006836555214
almond-croissants	2.3093773966863944
cranberry-relish	1.8235902218932987
ma-la-beef	2.752494711593946
chocolate-cake	1.7947877325183335
spinach-quiche	2.5343444397344226
mushroom-quiche	2.5218357356974224
quiche-lorraine	2.678466629809619
croissant-aux-amandes	2.3614477393792352
danishes	2.405296393738666
spinach-and-feta-quiche	2.4437529512153193
cold-sesame-noodles	2.3796614994399135
soba-noodle-salad-with-peanut-dressing	1.8872863154525816
dan-dan-noodles	2.765390951527857
vanilla-souffle	2.275643003626705
bacon-wrapped-dates	2.6563323982468052
cherry-pie	1.8375858015341222
berry-crisp	2.1489330328482668
bacon-and-egg-breakfast-sandwich	2.7428881005561516
bacon-wrapped-shrimp-skewers	2.7038269601436182
bacon-wrapped-chicken	2.7376221336671
bacon-wrapped-asparagus	2.5889997016349247
bacon-mac-and-cheese	2.7379365385119026
chicken-alfredo-lasagna	2.599769504826832
classic-beef-lasagna	2.6171017972279618
vegetarian-mushroom-lasagna	2.2007398606483144
spinach-and-ricotta-lasagna	2.241790807947984
