recipe_slug	score_estimate
falafel	0.6077343135905232
spamburger	0.9759776609343406
bacon-fried-rice	0.9991665212229475
chicken-fingers	0.7897339503099683
apple-crisp	0.1056690879661919
cranberry-apple-crisp	-0.015263229582366311
bacon-chocolate-chip-cookies	0.7355351927786451
sujebi	0.6393395463353606
pasta-primavera	0.7526447045852983
ramen	0.9702946499844499
brownies	0.5756635200727418
bacon-wrapped-scallops	0.8651311544085324
bacon-egg-muffins	0.8671960120949812
breakfast-burritos	0.9923218002374636
bolognese-sauce	0.9235233218946965
croissants	0.5998610183132292
bacon-souffle	0.7639637941439661
souffle	0.6066388599451185
chocolate-souffle	0.17400388144941553
butter-croissants	0.6003626145784673
pickled-green-beans	0.11052552364797776
fried-oysters	0.7737886500656019
peanut-butter-brownies	0.4567809405015386
almond-chip-cookies	0.47634469446995603
guacamole	0.8894280031825657
brioche-bread	0.7782444689761125
brioche-bread-with-chocolate	0.4651436964026253
asparagus-quiche	0.809176251439055
asparagus-burger	0.6953615549749866
ma-la-chicken	0.9019908839479611
cold-noodles-with-tomatoes	0.5121198336912536
tamales	0.7881855026429199
enchiladas	0.8813825057123064
tacos	0.9093983105383407
burritos	0.8537040009917416
peanut-butter-cupcakes	0.0782301472753881
pickled-asparagus	0.4813119032615237
chocolate-peanut-butter-cake	0.4000458065643945
udon	0.58982790649904
vegetable-lasagna	0.825404701231171
maple-bacon-donuts	0.7617372162716962
maple-bacon-pancakes	0.7179408870860476
spinach-and-ricotta-stuffed-shells	0.786212217294879
quesadillas	0.9051976934322817
pico-de-gallo	0.7669344061946939
nachos	0.8356655282065042
cold-soba-noodles-with-tomato-and-cucumber	0.48113817550956256
fajitas	0.9653261960177226
loaded-nachos	0.9275955354408647
lasagna	0.8519042017363159
chicken-nuggets	0.7822500349242804
pain-au-chocolat	0.5920567523043258
nacho-dip	0.8970579539428605
nacho-salad	0.9234251815493421
nacho-casserole	0.9522997497576459
nacho-fries	0.9753223495139565
tempura-udon	0.7671249860706189
peach-crisp	0.5032646038302522
apple-pie	0.019035284688503462
blueberry-crisp	0.49661124735023177
berry-crumble	0.45903121430421456
strawberry-rhubarb-crisp	0.4732384604665473
peach-cobbler	0.5109388538938646
cranberry-sauce	0.03357057414957326
cherry-cobbler	0.4639040364458653
apple-crumble	0.03301114815669903
chocolate-croissants	0.587426992886644
french-toast	0.6081503296378812
chocolate-babka	0.5093415666738952
cinnamon-babka	0.489912608387018
blueberry-crumble	0.45476174682181764
spam-musubi	0.5046029740804819
taco-salad	0.7744383201088492
chiles-rellenos	0.9359535008215744
almond-croissants	0.603521827369938
cranberry-relish	0.03357057414957332
ma-la-beef	0.9344539020961274
chocolate-cake	0.11757425373505523
spinach-quiche	0.826253477152429
mushroom-quiche	0.6707416970004356
quiche-lorraine	0.876918517996877
croissant-aux-amandes	0.5177555806852733
danishes	0.6038145898364895
spinach-and-feta-quiche	0.6753574321681057
cold-sesame-noodles	0.5863197390455185
soba-noodle-salad-with-peanut-dressing	0.0973946510170155
dan-dan-noodles	0.8896597553539
vanilla-souffle	0.47244709896507114
bacon-wrapped-dates	0.9232031201495592
cherry-pie	0.10427999932974741
berry-crisp	0.47233877104286237
bacon-and-egg-breakfast-sandwich	0.9654866408563634
bacon-wrapped-shrimp-skewers	0.878538234936627
bacon-wrapped-chicken	0.8981451673909904
bacon-wrapped-asparagus	0.7767506918020828
bacon-mac-and-cheese	0.9163819750240662
chicken-alfredo-lasagna	0.831696531041588
classic-beef-lasagna	0.9066087034601111
vegetarian-mushroom-lasagna	0.6106192804762598
spinach-and-ricotta-lasagna	0.538128365118955
