recipe_tag	coefficient
bias	0.519763233561029
alfredo	0.06830346895841166
almond	0.002377897474832531
american	-0.10427999932974724
appetizer	0.06814245326907646
appetizers	-0.010501362545659643
apple	-0.14245229122902894
asiancuisine	-0.07853282652657831
asparagus	0.03739959852235131
avocado	0.017346940184256702
bacon	0.16158307359915258
baked	-0.053860759658730016
bakeddishes	0.013787782705121042
bakery	0.00013898168677071635
baking	-0.07274842386234023
beans	-0.03566552820650433
beef	0.032722605816190076
bellpeppers	-0.005197693432281576
berries	0.027661228957137452
blackbeans	-0.005197693432281576
blackvinegar	0.01034024464610014
blueberry	0.04862700582795072
boiledeggs	0.029705350015550077
bokchoy	0.029705350015550077
braided	-0.009341566673895215
bread	0.06669922623424371
breaded	0.01774996507571961
breakfast	0.06836687599765948
breakfastpastry	0.00794324769567425
brioche	0.03485630359737455
broiling	0.021461765063372846
brownies	0.04321905949846132
brownsugar	-0.017747918574333187
brunch	-0.016212418541953676
burger	0.004638445025013296
burritos	0.007678199762536207
buttery	0.020066324413147787
cake	-0.017620060299450013
carrots	0.029705350015550077
casserole	0.04770025024235414
celebration	0.011814497357080006
cheese	0.11223338026761251
cheesy	0.012008790827582452
cherry	-0.0681840357756126
chicken	0.09938696289362786
chickpeas	0.004638445025013296
chilioil	0.008349360698139022
chilipowder	-0.005197693432281576
chinese	0.013680260954481265
chinesecookingwine	-0.0019908839479611177
chinesecuisine	0.07588634254997277
chocolate	-0.013572603369282149
chocolatechip	0.0236553055300439
chocolatecroissant	0.00794324769567425
christmas	-0.06714114829914666
cilantro	0.008581112869473304
cinnamon	-0.026695811649855166
citrus	-0.03357057414957331
classic	0.01618615028937686
cloves	-0.019035284688503722
cobbler	0.025157109660269933
cocoapowder	-0.11757425373505535
coffee	-0.01775558068527339
cold	0.013680260954481265
coldnoodles	0.006741990799183693
comfortfood	0.07598425327555505
condiment	-0.015387457755364264
cookies	0.08812011275139868
corn	0.011814497357080006
cranberry	-0.05187791871678057
creamcheese	-0.0038145898364896035
creamy	0.012876327975497995
crisp	-0.03585894107371959
crispy	0.029870847374760763
croissant	-0.01775558068527339
croissants	0.01271198880012658
crumble	-0.024811968291785988
crust	-0.019035284688503722
cucumber	0.006741990799183693
cumin	-0.005197693432281576
cupcakes	-0.07823014727538816
custard	0.04145813159899672
custardy	0.029258302999564237
customizable	0.0462959990082585
danish	-0.0038145898364896035
dashibroth	0.03287501392938121
dates	-0.023203120149559126
decadent	0.014994913253362796
dessert	-0.08482343098500789
dinner	0.030091781776616727
dip	0.013514042874573924
donuts	0.03826278372830364
easterneuropean	-0.009341566673895215
easy	0.08378386414264236
easydinner	0.018617494287693666
egg	0.03451335914363657
eggs	0.03528328376403794
eggwhites	0.027552901034929
fajitaseasoning	0.034673803982277325
fall	-0.09040585838382592
familyfriendly	0.06631774453004781
fastfood	0.01774996507571961
fetacheese	0.024642567831894124
filling	0.04712947778531099
fingerfood	0.010266049690031712
flaky	0.004560402012506988
french	0.05799699722376696
frenchcuisine	-0.057561259391411504
frenchpastry	-0.009673351302828424
fresh	0.041008841500980366
fried	0.05203835383141074
friedfood	0.0902578491128233
friedrice	0.0008334787770524891
fries	0.024677650486043444
frosting	-0.09585020757483817
fruit	0.068755330571972
fudgy	0.02433647992725801
gamedayfood	0.09708211504517869
ganache	0.09995419343560534
garlic	-0.014110717639214796
ginger	-0.0019908839479611177
glutenfree	-0.06397324931813901
goldenbrown	0.021755531023887414
greenbeans	-0.11052552364797784
greenonion	-0.012119833691253678
greenonions	0.037383549778086285
grill	0.004638445025013296
grilled	0.05889118465712704
grilling	0.021461765063372846
groundbeef	0.04363062691708312
gruyere	0.09336114005488126
gruyerecheese	0.052339785002687156
guacamole	-0.006189417656508579
hamandcheese	-0.0038145898364896035
hamburger	0.02402233906565942
handheld	0.0462959990082585
handtorndough	-0.03933954633536072
hawaii	0.02402233906565942
hawaiian	-0.004602974080482105
healthy	0.05298026664141306
herbs	-0.007321418830045754
holiday	-0.05532665094206665
homemade	-0.0032646038302521743
indulgent	-0.07823014727538816
italian	0.10495450420231366
italiancuisine	0.06830346895841166
jalapenos	0.024677650486043444
japanesecuisine	0.07275245744589104
juicy	0.001854832609009439
ketchup	0.02402233906565942
keto	0.023249308197916922
kidfriendly	0.010266049690031712
koreancuisine	-0.03933954633536072
laminateddough	0.00013898168677071635
lasagna	-0.08044417663680287
lattice	-0.019035284688503722
lettuce	0.044824153443482964
lime	0.010571996817434422
loadednachos	0.07240446455913525
lowcarb	0.023249308197916922
lunch	0.030091781776616727
macandcheese	-0.016381975024066242
maple	0.03826278372830364
maplesyrup	-0.01794088708604783
masa	0.011814497357080006
mayonnaise	0.02402233906565942
meal	0.01774996507571961
mealprep	0.03280398790501864
meat	0.0124302700571799
meatsauce	0.07647667810530336
mexican	0.11043542748624208
mexicancuisine	0.08560603952325863
mexicanfood	0.07240446455913525
middleeastern	-0.007734313590523302
miso	0.029705350015550077
muffins	0.03280398790501864
mushroom	-0.08136097747669536
mushrooms	0.029705350015550077
nachos	0.12429922979533042
noodles	0.034192599101541155
noodlesoup	0.029705350015550077
nori	-0.004602974080482105
numbing	0.06355521395591152
nutmeg	-0.036783203262836905
oat	0.04202476911581876
oats	-0.03301114815669928
onion	0.0011736862790937795
onions	0.02947611054999575
onthego	-0.004602974080482105
oven	0.00794324769567425
oysters	0.02621134993439783
pacificislands	0.02402233906565942
pancakes	-0.01794088708604783
parmesan	0.09336114005488126
partyfood	0.052143390466715636
pasta	0.08039932003135572
pastasauce	0.07647667810530336
pastry	0.043196350200305704
pastrycrust	0.023081482003122922
peach	-0.014203457724116872
peanutbutter	0.0649431056586785
peanutdressing	-0.09739465101701568
peanuts	0.01034024464610014
peppers	0.034673803982277325
pickledvegetables	-0.09183742690950156
pie	-0.12331528401825097
piecrust	0.024642567831894124
pork	0.01034024464610014
porkbelly	0.029705350015550077
potatoes	0.007678199762536207
protein	0.03280398790501864
puffpastry	0.00794324769567425
quiche	0.018471142239973974
quick	-0.0512431550071103
ramen	0.029705350015550077
refreshing	0.026761539533452665
relish	-0.03357057414957331
rhubarb	0.026761539533452665
rice	-0.004602974080482105
ricevinegar	-0.012119833691253678
rich	0.014994913253362796
ricotta	-0.038128365118954934
salad	-0.0952581526752067
salsa	0.05485404285868779
salty	-0.016381975024066242
sandwich	0.03451335914363657
sauce	-0.033570574149573346
savory	0.08409961416759429
scallions	0.008349360698139022
scallops	0.03486884559146762
seafood	0.04320241425387757
sesame	0.013680260954481265
sesameoil	-0.012119833691253678
sesameseeds	-0.012119833691253678
shrimp	0.021461765063372846
sichuancuisine	0.07389545860201166
sichuanpeppercorns	0.008349360698139022
sidedish	-0.025203743362753453
sidedishes	-0.11052552364797784
skewers	0.021461765063372846
smoky	-0.013693663638004314
snack	-0.011564754063313837
snacks	-0.0858478731619344
sobanoodles	-0.07853282652657831
soft	0.021755531023887414
souffle	-0.11705363450357172
soup	-0.029167452834400972
sourcream	0.01122642063300321
southern	-0.010938853893864698
southerncuisine	0.02621134993439783
soysauce	0.02676835579948791
spam	0.019419364985177316
spices	-0.007321418830045754
spicy	0.10308494970713974
spicyfood	0.06404649917842546
spinach	-0.039739274439490005
spring	0.04735529541470182
steamed	0.011814497357080006
stirfry	0.06554609790387263
strawberry	0.026761539533452665
streetfood	-0.017132624128863946
stuffedpeppers	0.06404649917842546
summer	-0.03088739083229472
sushi	-0.004602974080482105
sweet	-0.09659383497135687
sweetandsalty	0.06446480722135478
sweetandsavory	0.02032189664225581
sweettreat	-0.00981233298959914
taco	0.025561679891150896
tacos	-0.009398310538340643
tangy	-0.040379608765694
tart	-0.033570574149573346
tea	-0.01775558068527339
tempura	0.03287501392938121
tender	0.039505496099607025
texmex	0.034673803982277325
thanksgiving	-0.06714114829914666
toast	0.03451335914363657
tomato	0.04869629486020386
tomatoes	0.014694315136598751
tomatosauce	0.06986797464519215
tortilla	-0.005197693432281576
tortillabowl	0.025561679891150896
tortillachips	-0.023425181549341912
tortillas	0.04235200374481353
traditional	0.011814497357080006
twisted	-0.009341566673895215
udonnoodles	0.03287501392938121
vanilla	0.027552901034929
vanillaicecream	-0.03301114815669928
vegan	0.06493719502361436
vegetables	0.00884922785639359
vegetarian	-0.00867687648049549
warm	0.00794324769567425
whippedcream	-0.03301114815669928
winter	-0.09040585838382592
yeastdough	-0.009341566673895215
