recipe_slug	rating
falafel	0.6
spamburger	1.0
bacon-fried-rice	1.0
chicken-fingers	0.8
apple-crisp	0.0
cranberry-apple-crisp	0.0
bacon-chocolate-chip-cookies	0.8
sujebi	0.6
pasta-primavera	0.8
ramen	1.0
brownies	0.6
bacon-wrapped-scallops	0.9
bacon-egg-muffins	0.9
breakfast-burritos	1.0
bolognese-sauce	1.0
croissants	0.6
bacon-souffle	0.7
souffle	0.7
chocolate-souffle	0.0
butter-croissants	0.6
pickled-green-beans	0.0
fried-oysters	0.8
peanut-butter-brownies	0.5
almond-chip-cookies	0.5
guacamole	0.9
brioche-bread	0.8
brioche-bread-with-chocolate	0.5
asparagus-quiche	0.8
asparagus-burger	0.7
ma-la-chicken	0.9
cold-noodles-with-tomatoes	0.5
tamales	0.8
enchiladas	0.9
tacos	0.9
burritos	0.9
peanut-butter-cupcakes	0.0
pickled-asparagus	0.5
chocolate-peanut-butter-cake	0.5
udon	0.6
vegetable-lasagna	0.9
maple-bacon-donuts	0.8
maple-bacon-pancakes	0.7
spinach-and-ricotta-stuffed-shells	0.8
quesadillas	0.9
pico-de-gallo	0.8
nachos	0.8
cold-soba-noodles-with-tomato-and-cucumber	0.5
fajitas	1.0
loaded-nachos	1.0
lasagna	0.9
chicken-nuggets	0.8
pain-au-chocolat	0.6
nacho-dip	0.9
nacho-salad	0.9
nacho-casserole	1.0
nacho-fries	1.0
tempura-udon	0.8
peach-crisp	0.5
apple-pie	0.0
blueberry-crisp	0.5
berry-crumble	0.5
strawberry-rhubarb-crisp	0.5
peach-cobbler	0.5
cranberry-sauce	0.0
cherry-cobbler	0.5
apple-crumble	0.0
chocolate-croissants	0.6
french-toast	0.6
chocolate-babka	0.5
cinnamon-babka	0.5
blueberry-crumble	0.5
spam-musubi	0.5
taco-salad	0.8
chiles-rellenos	1.0
almond-croissants	0.6
cranberry-relish	0.0
ma-la-beef	1.0
chocolate-cake	0.0
spinach-quiche	0.8
mushroom-quiche	0.7
quiche-lorraine	0.9
croissant-aux-amandes	0.5
danishes	0.6
spinach-and-feta-quiche	0.7
cold-sesame-noodles	0.6
soba-noodle-salad-with-peanut-dressing	0.0
dan-dan-noodles	0.9
vanilla-souffle	0.5
bacon-wrapped-dates	0.9
cherry-pie	0.0
berry-crisp	0.5
bacon-and-egg-breakfast-sandwich	1.0
bacon-wrapped-shrimp-skewers	0.9
bacon-wrapped-chicken	0.9
bacon-wrapped-asparagus	0.8
bacon-mac-and-cheese	0.9
chicken-alfredo-lasagna	0.9
classic-beef-lasagna	0.9
vegetarian-mushroom-lasagna	0.5
spinach-and-ricotta-lasagna	0.5
