recipe_slug	score_bound	reward
apple-crumble	7.483314773547883	0.0
ma-la-chicken	7.192588778272628	0.9
quesadillas	7.242484409506285	0.9
ramen	7.213719653020803	1.0
bacon-fried-rice	7.028567889859312	1.0
spamburger	7.044195629761645	1.0
chocolate-babka	7.011800663119534	0.5
pain-au-chocolat	6.982724119849658	0.6
nacho-fries	6.962191288785443	1.0
asparagus-burger	6.751828506254332	0.7
cranberry-sauce	6.7396821828135565	0.0
asparagus-quiche	6.651492950636446	0.8
guacamole	6.5026314959537075	0.9
cold-noodles-with-tomatoes	6.426209025131425	0.5
bacon-wrapped-chicken	6.417611740058666	0.9
dan-dan-noodles	6.344846209331047	0.9
bacon-wrapped-asparagus	6.306829337822893	0.8
taco-salad	6.30403106616549	0.8
strawberry-rhubarb-crisp	6.255900719045315	0.5
mushroom-quiche	6.252706501033126	0.7
tamales	6.222881504031533	0.8
apple-pie	6.184616003187608	0.0
brioche-bread	6.130516206337787	0.8
tacos	6.042868097778712	0.9
chicken-nuggets	6.017988189055229	0.8
bacon-mac-and-cheese	5.966888676091459	0.9
fajitas	5.889169082183257	1.0
breakfast-burritos	5.7974446380227445	1.0
spam-musubi	5.793458086201101	0.5
apple-crisp	5.774169954941318	0.0
croissants	5.750712893653798	0.6
nacho-salad	5.743153116825976	0.9
bacon-wrapped-shrimp-skewers	5.710834264293463	0.9
sujebi	5.5874138963528095	0.6
nachos	5.557115835341802	0.8
croissant-aux-amandes	5.541716128145483	0.5
quiche-lorraine	5.508113783872387	0.9
souffle	5.449451288104724	0.7
chocolate-peanut-butter-cake	5.349006600774038	0.5
spinach-and-ricotta-lasagna	5.301722104636731	0.5
enchiladas	5.221757937726157	0.9
soba-noodle-salad-with-peanut-dressing	5.199094231858978	0.0
danishes	5.154212192424474	0.6
spinach-quiche	5.148641852689899	0.8
loaded-nachos	5.124065117180397	1.0
vanilla-souffle	5.079301039192426	0.5
bacon-egg-muffins	5.049435086057272	0.9
ma-la-beef	5.013945928884601	1.0
cherry-pie	4.9970047734994125	0.0
bacon-wrapped-scallops	4.970274959848838	0.9
chicken-fingers	4.918154151196873	0.8
pickled-green-beans	4.896293866768173	0.0
bacon-and-egg-breakfast-sandwich	4.8763330003045455	1.0
chiles-rellenos	4.810583473178954	1.0
cranberry-apple-crisp	4.819258261100929	0.0
brownies	4.800131380200184	0.6
falafel	4.760638502024818	0.6
tempura-udon	4.749975439274682	0.8
bolognese-sauce	4.7216924690428375	1.0
maple-bacon-pancakes	4.727071827637122	0.7
cold-sesame-noodles	4.70897945584575	0.6
burritos	4.698175540642909	0.9
bacon-wrapped-dates	4.698365529931204	0.9
chicken-alfredo-lasagna	4.67816433818318	0.9
brioche-bread-with-chocolate	4.640703991599817	0.5
fried-oysters	4.593175285479595	0.8
spinach-and-feta-quiche	4.547136807304163	0.7
almond-croissants	4.536182499154023	0.6
peanut-butter-cupcakes	4.514934447681909	0.0
peach-crisp	4.494582887694802	0.5
nacho-dip	4.472800560101948	0.9
pico-de-gallo	4.463798989613816	0.8
classic-beef-lasagna	4.452138243884597	0.9
nacho-casserole	4.445617026103573	1.0
maple-bacon-donuts	4.401047363017096	0.8
cold-soba-noodles-with-tomato-and-cucumber	4.400352756688906	0.5
udon	4.392835091159747	0.6
peach-cobbler	4.297778326158264	0.5
bacon-chocolate-chip-cookies	4.229953129189893	0.8
cranberry-relish	4.206194513124244	0.0
french-toast	4.154725984236603	0.6
pickled-asparagus	4.090683740646549	0.5
pasta-primavera	4.046392999877372	0.8
almond-chip-cookies	3.9441476387814065	0.5
lasagna	3.938342499592099	0.9
chocolate-croissants	3.8485552298422596	0.6
berry-crisp	3.7783394749381034	0.5
vegetarian-mushroom-lasagna	3.5913723721009245	0.5
chocolate-cake	3.5880865750786604	0.0
blueberry-crumble	3.4946236486178663	0.5
bacon-souffle	3.3895782142129587	0.7
peanut-butter-brownies	3.3891694837813566	0.5
spinach-and-ricotta-stuffed-shells	3.3533758405295755	0.8
cherry-cobbler	3.3490965293488117	0.5
cinnamon-babka	3.270437001222179	0.5
blueberry-crisp	3.163919264970309	0.5
butter-croissants	2.946131557690193	0.6
vegetable-lasagna	2.9175521712808665	0.9
ramen	2.8826040415622236	1.0
chocolate-souffle	2.8696564420473116	0.0
